City Name	Zone Name	Ward Name	Ward No.	Area (in sq km)	Total Population (in thousands)	Population - Male (in thousands)	Population - female (in thousands)	population - children aged 0-14 (in thousands)	Population - youth aged 15-24 (in thousands)	Population - adults aged 25-60 (in thousands)	Population - Senior citizens aged 60+ (in thousands)
Bhubaneswar	North Zone	NA	W9	0.173219119	13.932	7.302	6.63	1.128	1.529	NA	NA
Bhubaneswar	South-West Zone	NA	W25	0.45483051	13.508	7.068	6.44	0.569	0.322	NA	NA
Bhubaneswar	South-West Zone	NA	W51	0.353059809	12.138	6.519	5.619	0.881	0.602	NA	NA
Bhubaneswar	South-East Zone	NA	W56	0.46712734	11.228	5.853	5.375	0.856	0.373	NA	NA
Bhubaneswar	North Zone	NA	W6	0.157414544	13.547	6.757	6.79	0.46	0.554	NA	NA
Bhubaneswar	North Zone	NA	W7	0.449115027	13.698	7.188	6.51	0.824	0.739	NA	NA
Bhubaneswar	North Zone	NA	W13	0.734747634	13.287	7.002	6.285	1.243	0.959	NA	NA
Bhubaneswar	South-West Zone	NA	W27	0.651426047	12.039	6.293	5.746	0.82	0.29	NA	NA
Bhubaneswar	North Zone	NA	W12	0.124595656	13.243	7.454	5.789	1.336	0.832	NA	NA
Bhubaneswar	North Zone	NA	W11	0.366569057	11.834	6.235	5.599	1.076	0.919	NA	NA
Bhubaneswar	North Zone	NA	W17	0.26113185	12.238	6.334	5.904	1.963	1.365	NA	NA
Bhubaneswar	North Zone	NA	W26	1.904543356	12.167	6.516	5.651	1.479	1.165	NA	NA
Bhubaneswar	North Zone	NA	W21	2.225531651	11.32	5.93	5.39	1.283	1.714	NA	NA
Bhubaneswar	South-West Zone	NA	W24	0.301532377	13.636	7.127	6.509	0.571	0.453	NA	NA
Bhubaneswar	North Zone	NA	W16	0.310550306	11.404	6.069	5.335	0.952	1.984	NA	NA
Bhubaneswar	South-East Zone	NA	W30	0.404761664	12.22	6.348	5.872	0.441	0.47	NA	NA
Bhubaneswar	South-East Zone	NA	W34	0.551555383	13.013	6.854	6.159	1.108	0.319	NA	NA
Bhubaneswar	South-East Zone	NA	W29	0.477210676	11.518	6.115	5.403	1.198	0.43	NA	NA
Bhubaneswar	South-East Zone	NA	W35	0.437029699	14.13	7.436	6.694	1.392	0.274	NA	NA
Bhubaneswar	South-East Zone	NA	W40	0.28770801	13.179	7.069	6.11	1.621	0.594	NA	NA
Bhubaneswar	South-East Zone	NA	W28	0.456063298	12.23	6.386	5.844	1.025	1.654	NA	NA
Bhubaneswar	South-East Zone	NA	W36	0.233083656	11.509	6.058	5.451	1.783	0.851	NA	NA
Bhubaneswar	South-West Zone	NA	W46	0.366516953	11.804	6.128	5.676	1.843	0.281	NA	NA
Bhubaneswar	South-West Zone	NA	W37	0.425837946	11.679	6.079	5.6	0.737	0.403	NA	NA
Bhubaneswar	South-West Zone	NA	W38	0.783957616	11.916	6.118	5.798	0.694	0.113	NA	NA
Bhubaneswar	South-West Zone	NA	W39	0.512166861	12.716	6.734	5.982	0.587	0.249	NA	NA
Bhubaneswar	South-West Zone	NA	W63	0.367407278	12.241	6.458	5.783	0.647	0.215	NA	NA
Bhubaneswar	South-West Zone	NA	W50	0.202026061	11.795	6.379	5.416	0.771	0.133	NA	NA
Bhubaneswar	North Zone	NA	W19	0.531553693	14.071	7.505	6.566	0.483	0.502	NA	NA
Bhubaneswar	South-East Zone	NA	W31	0.395539195	11.633	6.328	5.305	0.803	0.107	NA	NA
Bhubaneswar	South-East Zone	NA	W33	0.562579717	12.453	6.754	5.699	0.517	0.197	NA	NA
Bhubaneswar	South-East Zone	NA	W42	0.596562024	13.272	6.951	6.321	1.596	0.072	NA	NA
Bhubaneswar	South-East Zone	NA	W43	0.762753296	13.773	7.265	6.508	0.71	0.118	NA	NA
Bhubaneswar	South-East Zone	NA	W45	0.809699784	11.376	6.023	5.353	0.386	0.256	NA	NA
Bhubaneswar	South-East Zone	NA	W54	0.710532013	13.318	7.032	6.286	0.556	0.05	NA	NA
Bhubaneswar	North Zone	NA	W20	1.12678781	11.677	6.267	5.41	0.971	1.568	NA	NA
Bhubaneswar	South-East Zone	NA	W55	0.429741414	11.398	5.904	5.494	0.655	0.166	NA	NA
Bhubaneswar	South-East Zone	NA	W41	0.522923037	13.525	7.224	6.301	1.088	0.136	NA	NA
Bhubaneswar	South-West Zone	NA	W47	0.407202429	11.638	6.174	5.464	1.092	0.499	NA	NA
Bhubaneswar	South-West Zone	NA	W48	0.456235872	11.369	5.855	5.514	1.099	0.574	NA	NA
Bhubaneswar	South-West Zone	NA	W52	0.110698283	10.805	5.668	5.137	0.864	0.214	NA	NA
Bhubaneswar	South-East Zone	NA	W53	0.702944811	13.923	7.155	6.768	2.992	0.147	NA	NA
Bhubaneswar	North Zone	NA	W4	0.048692393	16.185	8.183	8.002	3.422	0.282	NA	NA
Bhubaneswar	North Zone	NA	W5	0.06983957	13.637	7.318	6.319	1.027	0.695	NA	NA
Bhubaneswar	North Zone	NA	W10	0.169128581	13.54	7.43	6.11	2.023	0.723	NA	NA
Bhubaneswar	North Zone	NA	W3	0.10070918	13.11	7.004	6.106	0.649	0.606	NA	NA
Bhubaneswar	North Zone	NA	W2	0.542860771	13.482	7.743	5.739	0.628	1.036	NA	NA
Bhubaneswar	North Zone	NA	W1	0.193727404	12.378	7.745	4.633	0.267	8.898	NA	NA
Bhubaneswar	South-West Zone	NA	W15	0.046293343	11.528	6.319	5.209	1.222	0.81	NA	NA
Bhubaneswar	South-West Zone	NA	W22	0.245519457	13.568	7.026	6.542	2.894	0.551	NA	NA
Bhubaneswar	South-West Zone	NA	W23	0.05126465	12.24	6.206	6.034	1.312	0.655	NA	NA
Bhubaneswar	South-West Zone	NA	W49	0.128390251	12.605	6.897	5.708	0.827	0.657	NA	NA
Bhubaneswar	South-West Zone	NA	W66	0.825554644	11.707	6.024	5.683	1.168	0.05	NA	NA
Bhubaneswar	South-West Zone	NA	W62	0.178650621	10.979	5.736	5.243	0.824	0.206	NA	NA
Bhubaneswar	South-East Zone	NA	W58	0.320590555	11.998	6.282	5.716	0.322	0.062	NA	NA
Bhubaneswar	South-East Zone	NA	W59	0.194527436	11.426	5.899	5.527	0.345	0.01	NA	NA
Bhubaneswar	South-East Zone	NA	W57	0.926910305	11.325	6.009	5.316	0.449	0.103	NA	NA
Bhubaneswar	South-East Zone	NA	W44	0.101431902	12.091	6.549	5.542	1.007	0.033	NA	NA
Bhubaneswar	South-East Zone	NA	W32	0.223563558	11.28	5.851	5.429	0.701	0.028	NA	NA
Bhubaneswar	North Zone	NA	W18	0.148209429	13.094	6.957	6.137	1.185	0.21	NA	NA
Bhubaneswar	North Zone	NA	W14	0.378115409	13.522	7.086	6.436	1.321	0.821	NA	NA
Bhubaneswar	North Zone	NA	W8	0.391840451	13.529	7.172	6.357	0.628	0.839	NA	NA
Bhubaneswar	South-East Zone	NA	W60	0.49545866	15.459	8.045	7.414	0.517	0.065	NA	NA
Bhubaneswar	South-East Zone	NA	W61	0.599399112	13.522	6.987	6.535	1.05	0.053	NA	NA
Bhubaneswar	South-East Zone	NA	W67	0.161216969	11.938	6.264	5.674	1.308	0.13	NA	NA
Bhubaneswar	South-West Zone	NA	W65	0.301833854	12.055	6.42	5.635	0.437	0.062	NA	NA
Bhubaneswar	South-West Zone	NA	W64	0.159041363	11.236	5.74	5.496	0.888	0.397	NA	NA
