StateName	DistrictName	BlockName	GramPanchayatName	IHHLTotalAsPerDetails	IHHLTotalAch	Date
Odisha	KHORDHA	BALIANTA	BAINCHUA	1001	1001	5/19/2020 12:00:00 AM
Odisha	KHORDHA	BALIANTA	BALIANTA	1639	1639	5/19/2020 12:00:00 AM
Odisha	KHORDHA	BALIANTA	BENTAPUR	653	653	5/19/2020 12:00:00 AM
Odisha	KHORDHA	BALIANTA	BENUPUR	721	721	5/19/2020 12:00:00 AM
Odisha	KHORDHA	BALIANTA	BHINGARAPUR	1734	1734	5/19/2020 12:00:00 AM
Odisha	KHORDHA	BALIANTA	JAGANNATHPUR	1473	1473	5/19/2020 12:00:00 AM
Odisha	KHORDHA	BALIANTA	JAYADEBA	1074	1074	5/19/2020 12:00:00 AM
Odisha	KHORDHA	BALIANTA	JHINTI SASAN	1335	1335	5/19/2020 12:00:00 AM
Odisha	KHORDHA	BALIANTA	KAKARUDRAPUR	1746	1746	5/19/2020 12:00:00 AM
Odisha	KHORDHA	BALIANTA	PRATAP SASAN	1710	1710	5/19/2020 12:00:00 AM
Odisha	KHORDHA	BALIANTA	PRATAPRUDRAPUR	1144	1144	5/19/2020 12:00:00 AM
Odisha	KHORDHA	BALIANTA	PURANAPRADHAN	1466	1466	5/19/2020 12:00:00 AM
Odisha	KHORDHA	BALIANTA	PUROHITPUR	612	612	5/19/2020 12:00:00 AM
Odisha	KHORDHA	BALIANTA	SARAKANA	1405	1405	5/19/2020 12:00:00 AM
Odisha	KHORDHA	BALIANTA	SATYABHAMAPUR	804	804	5/19/2020 12:00:00 AM
Odisha	KHORDHA	BALIANTA	UMADEIBERHAMPUR	1119	1119	5/19/2020 12:00:00 AM
Odisha	KHORDHA	BALIPATNA	ALISISASANA	915	915	5/19/2020 12:00:00 AM
Odisha	KHORDHA	BALIPATNA	AMANAKUDA	1271	1271	5/19/2020 12:00:00 AM
Odisha	KHORDHA	BALIPATNA	ATHANTARA	250	250	5/19/2020 12:00:00 AM
Odisha	KHORDHA	BALIPATNA	BHAKARASAHI	1127	1127	5/19/2020 12:00:00 AM
Odisha	KHORDHA	BALIPATNA	BHAPUR	937	937	5/19/2020 12:00:00 AM
Odisha	KHORDHA	BALIPATNA	DEULIDHARPUR	1263	1263	5/19/2020 12:00:00 AM
Odisha	KHORDHA	BALIPATNA	GAREDIPANCHANA	1738	1738	5/19/2020 12:00:00 AM
Odisha	KHORDHA	BALIPATNA	GUAPUR	1020	1020	5/19/2020 12:00:00 AM
Odisha	KHORDHA	BALIPATNA	KURUNJIPUR	1585	1585	5/19/2020 12:00:00 AM
Odisha	KHORDHA	BALIPATNA	MAJHIHARA	1306	1306	5/19/2020 12:00:00 AM
Odisha	KHORDHA	BALIPATNA	MARTHAPUR	986	986	5/19/2020 12:00:00 AM
Odisha	KHORDHA	BALIPATNA	MUKUNDADASPUR	818	818	5/19/2020 12:00:00 AM
Odisha	KHORDHA	BALIPATNA	NARISO	1670	1670	5/19/2020 12:00:00 AM
Odisha	KHORDHA	BALIPATNA	PAMPALO	1663	1663	5/19/2020 12:00:00 AM
Odisha	KHORDHA	BALIPATNA	RAJASO	1453	1453	5/19/2020 12:00:00 AM
Odisha	KHORDHA	BALIPATNA	SOMANASASAN	1828	1828	5/19/2020 12:00:00 AM
Odisha	KHORDHA	BALIPATNA	TURINTIRA	1608	1608	5/19/2020 12:00:00 AM
Odisha	KHORDHA	BANAPUR	AYATPUR	1453	1453	5/19/2020 12:00:00 AM
Odisha	KHORDHA	BANAPUR	BHABANIPUR	653	653	5/19/2020 12:00:00 AM
Odisha	KHORDHA	BANAPUR	BISHNUDIHA	789	789	5/19/2020 12:00:00 AM
Odisha	KHORDHA	BANAPUR	DAMIABARABARA	936	936	5/19/2020 12:00:00 AM
Odisha	KHORDHA	BANAPUR	DEOGAON	1303	1303	5/19/2020 12:00:00 AM
Odisha	KHORDHA	BANAPUR	GALUA	2571	2571	5/19/2020 12:00:00 AM
Odisha	KHORDHA	BANAPUR	GAMBHARIMUNDA	1098	1098	5/19/2020 12:00:00 AM
Odisha	KHORDHA	BANAPUR	KULEI	1432	1432	5/19/2020 12:00:00 AM
Odisha	KHORDHA	BANAPUR	KUMARANGASASANA	1491	1491	5/19/2020 12:00:00 AM
Odisha	KHORDHA	BANAPUR	MORAMORI	888	888	5/19/2020 12:00:00 AM
Odisha	KHORDHA	BANAPUR	NACHUNI	1243	1243	5/19/2020 12:00:00 AM
Odisha	KHORDHA	BANAPUR	NANDAPUR	2044	2044	5/19/2020 12:00:00 AM
Odisha	KHORDHA	BANAPUR	NARENDRAPUR	1877	1877	5/19/2020 12:00:00 AM
Odisha	KHORDHA	BANAPUR	NILADRIPRASAD	917	917	5/19/2020 12:00:00 AM
Odisha	KHORDHA	BANAPUR	TORASINGH	883	883	5/19/2020 12:00:00 AM
Odisha	KHORDHA	BANAPUR	TUMURAPUT	2015	2015	5/19/2020 12:00:00 AM
Odisha	KHORDHA	BANAPUR	VETESWAR	2336	2336	5/19/2020 12:00:00 AM
Odisha	KHORDHA	BEGUNIA	BADABERANA	743	743	5/19/2020 12:00:00 AM
Odisha	KHORDHA	BEGUNIA	BAGHAMARI	1271	1271	5/19/2020 12:00:00 AM
Odisha	KHORDHA	BEGUNIA	BEGUNIA	1804	1804	5/19/2020 12:00:00 AM
Odisha	KHORDHA	BEGUNIA	BOTALAMA	1008	1008	5/19/2020 12:00:00 AM
Odisha	KHORDHA	BEGUNIA	DEULI	1649	1649	5/19/2020 12:00:00 AM
Odisha	KHORDHA	BEGUNIA	DINGARA	879	879	5/19/2020 12:00:00 AM
Odisha	KHORDHA	BEGUNIA	DURGAPUR	1293	1293	5/19/2020 12:00:00 AM
Odisha	KHORDHA	BEGUNIA	GADAMANITRI	653	653	5/19/2020 12:00:00 AM
Odisha	KHORDHA	BEGUNIA	GOBINDAPUR	538	538	5/19/2020 12:00:00 AM
Odisha	KHORDHA	BEGUNIA	HAJA	1382	1382	5/19/2020 12:00:00 AM
Odisha	KHORDHA	BEGUNIA	HIRAPUR	835	835	5/19/2020 12:00:00 AM
Odisha	KHORDHA	BEGUNIA	KANTABADA	1059	1059	5/19/2020 12:00:00 AM
Odisha	KHORDHA	BEGUNIA	KUNJURI	1524	1524	5/19/2020 12:00:00 AM
Odisha	KHORDHA	BEGUNIA	PANGARASINGH	1202	1202	5/19/2020 12:00:00 AM
Odisha	KHORDHA	BEGUNIA	PODADIHA	2274	2274	5/19/2020 12:00:00 AM
Odisha	KHORDHA	BEGUNIA	RADHAKANTAPUR	879	879	5/19/2020 12:00:00 AM
Odisha	KHORDHA	BEGUNIA	RAUTAPADA	1050	1050	5/19/2020 12:00:00 AM
Odisha	KHORDHA	BEGUNIA	SAGADABHANGA	716	716	5/19/2020 12:00:00 AM
Odisha	KHORDHA	BEGUNIA	SARUA	706	706	5/19/2020 12:00:00 AM
Odisha	KHORDHA	BEGUNIA	SIKO	1186	1186	5/19/2020 12:00:00 AM
Odisha	KHORDHA	BEGUNIA	SIMAR	1098	1098	5/19/2020 12:00:00 AM
Odisha	KHORDHA	BHUBANESWAR	ANDHARUA	1125	1125	5/19/2020 12:00:00 AM
Odisha	KHORDHA	BHUBANESWAR	BARIMUNDA	1015	1015	5/19/2020 12:00:00 AM
Odisha	KHORDHA	BHUBANESWAR	BASUAGHAI	1110	1110	5/19/2020 12:00:00 AM
Odisha	KHORDHA	BHUBANESWAR	CHANDAKA	1664	1664	5/19/2020 12:00:00 AM
Odisha	KHORDHA	BHUBANESWAR	DADHA	1518	1518	5/19/2020 12:00:00 AM
Odisha	KHORDHA	BHUBANESWAR	DARUTHENGA	1392	1392	5/19/2020 12:00:00 AM
Odisha	KHORDHA	BHUBANESWAR	DHAULI	762	762	5/19/2020 12:00:00 AM
Odisha	KHORDHA	BHUBANESWAR	ITIPUR	788	788	5/19/2020 12:00:00 AM
Odisha	KHORDHA	BHUBANESWAR	KALARAHANGA	1079	1079	5/19/2020 12:00:00 AM
Odisha	KHORDHA	BHUBANESWAR	KALYANPUR	1464	1464	5/19/2020 12:00:00 AM
Odisha	KHORDHA	BHUBANESWAR	KANTABADA	941	941	5/19/2020 12:00:00 AM
Odisha	KHORDHA	BHUBANESWAR	LINGIPUR	368	368	5/19/2020 12:00:00 AM
Odisha	KHORDHA	BHUBANESWAR	MALIPADA	1212	1212	5/19/2020 12:00:00 AM
Odisha	KHORDHA	BHUBANESWAR	MENDHASALA	1182	1182	5/19/2020 12:00:00 AM
Odisha	KHORDHA	BHUBANESWAR	NANPUT	444	444	5/19/2020 12:00:00 AM
Odisha	KHORDHA	BHUBANESWAR	RAGHUNATHPUR	721	721	5/19/2020 12:00:00 AM
Odisha	KHORDHA	BHUBANESWAR	RANASINGHPUR	1253	1253	5/19/2020 12:00:00 AM
Odisha	KHORDHA	BHUBANESWAR	SISUPALA	877	877	5/19/2020 12:00:00 AM
Odisha	KHORDHA	BHUBANESWAR	TAMANDO	711	711	5/19/2020 12:00:00 AM
Odisha	KHORDHA	BHUBANESWAR	TIKARAPADA	720	720	5/19/2020 12:00:00 AM
Odisha	KHORDHA	BOLAGARH	ARIKAMA	1096	1096	5/19/2020 12:00:00 AM
Odisha	KHORDHA	BOLAGARH	ASARLADALA	784	784	5/19/2020 12:00:00 AM
Odisha	KHORDHA	BOLAGARH	BADAKUMARI	2429	2429	5/19/2020 12:00:00 AM
Odisha	KHORDHA	BOLAGARH	BANKOIDESH	1581	1581	5/19/2020 12:00:00 AM
Odisha	KHORDHA	BOLAGARH	BOLOGARH	1580	1580	5/19/2020 12:00:00 AM
Odisha	KHORDHA	BOLAGARH	DABARADHUAPATNA	2051	2051	5/19/2020 12:00:00 AM
Odisha	KHORDHA	BOLAGARH	DALEISAHI	1250	1250	5/19/2020 12:00:00 AM
Odisha	KHORDHA	BOLAGARH	DHALAPATHAR	757	757	5/19/2020 12:00:00 AM
Odisha	KHORDHA	BOLAGARH	FASIODA	1762	1762	5/19/2020 12:00:00 AM
Odisha	KHORDHA	BOLAGARH	GEDIAPALLI	807	807	5/19/2020 12:00:00 AM
Odisha	KHORDHA	BOLAGARH	GOPALPUR	1398	1398	5/19/2020 12:00:00 AM
Odisha	KHORDHA	BOLAGARH	KADABA	1332	1332	5/19/2020 12:00:00 AM
Odisha	KHORDHA	BOLAGARH	KALANGA	1285	1285	5/19/2020 12:00:00 AM
Odisha	KHORDHA	BOLAGARH	KHANGURIA	1896	1896	5/19/2020 12:00:00 AM
Odisha	KHORDHA	BOLAGARH	MANIBANDHA	1219	1219	5/19/2020 12:00:00 AM
Odisha	KHORDHA	BOLAGARH	PATAPURSASANA	762	762	5/19/2020 12:00:00 AM
Odisha	KHORDHA	BOLAGARH	PICHUKULI	886	886	5/19/2020 12:00:00 AM
Odisha	KHORDHA	BOLAGARH	SAGARAGAON	2248	2248	5/19/2020 12:00:00 AM
Odisha	KHORDHA	BOLAGARH	SANAPADARA	1021	1021	5/19/2020 12:00:00 AM
Odisha	KHORDHA	CHILIKA	ANKULA	1493	1493	5/19/2020 12:00:00 AM
Odisha	KHORDHA	CHILIKA	ATHARABATIA	774	774	5/19/2020 12:00:00 AM
Odisha	KHORDHA	CHILIKA	BADAKULA	1515	1515	5/19/2020 12:00:00 AM
Odisha	KHORDHA	CHILIKA	BAULABANDHA	1591	1591	5/19/2020 12:00:00 AM
Odisha	KHORDHA	CHILIKA	BIRIBADI	1183	1183	5/19/2020 12:00:00 AM
Odisha	KHORDHA	CHILIKA	CHNDESWAR	1437	1437	5/19/2020 12:00:00 AM
Odisha	KHORDHA	CHILIKA	DUNGAMAL(CT)	881	881	5/19/2020 12:00:00 AM
Odisha	KHORDHA	CHILIKA	HARIPUR	1783	1783	5/19/2020 12:00:00 AM
Odisha	KHORDHA	CHILIKA	HATABARADI	1909	1909	5/19/2020 12:00:00 AM
Odisha	KHORDHA	CHILIKA	JARIPADA	1787	1787	5/19/2020 12:00:00 AM
Odisha	KHORDHA	CHILIKA	KALAKALESWAR	1080	1080	5/19/2020 12:00:00 AM
Odisha	KHORDHA	CHILIKA	KUMANDALPATNA	1171	1171	5/19/2020 12:00:00 AM
Odisha	KHORDHA	CHILIKA	MANSINGHPUR	1122	1122	5/19/2020 12:00:00 AM
Odisha	KHORDHA	CHILIKA	NIMIKHETA	1550	1550	5/19/2020 12:00:00 AM
Odisha	KHORDHA	CHILIKA	SANANAIRI	1308	1308	5/19/2020 12:00:00 AM
Odisha	KHORDHA	CHILIKA	SINGHESWAR	2271	2271	5/19/2020 12:00:00 AM
Odisha	KHORDHA	CHILIKA	SORANA	1906	1906	5/19/2020 12:00:00 AM
Odisha	KHORDHA	JATNI	ANGARAPADA	1392	1392	5/19/2020 12:00:00 AM
Odisha	KHORDHA	JATNI	BENAPANJARI	967	967	5/19/2020 12:00:00 AM
Odisha	KHORDHA	JATNI	CHHANAGHAR	1190	1190	5/19/2020 12:00:00 AM
Odisha	KHORDHA	JATNI	CHHATABARA	1417	1417	5/19/2020 12:00:00 AM
Odisha	KHORDHA	JATNI	GANGAPADA	967	967	5/19/2020 12:00:00 AM
Odisha	KHORDHA	JATNI	HARIPUR	1082	1082	5/19/2020 12:00:00 AM
Odisha	KHORDHA	JATNI	JAMUKOLI	628	628	5/19/2020 12:00:00 AM
Odisha	KHORDHA	JATNI	JANLA	1337	1337	5/19/2020 12:00:00 AM
Odisha	KHORDHA	JATNI	KANTIA	1465	1465	5/19/2020 12:00:00 AM
Odisha	KHORDHA	JATNI	MADANPUR	951	951	5/19/2020 12:00:00 AM
Odisha	KHORDHA	JATNI	PADANPUR	1340	1340	5/19/2020 12:00:00 AM
Odisha	KHORDHA	JATNI	PANCHUPALLI	548	548	5/19/2020 12:00:00 AM
Odisha	KHORDHA	JATNI	PRADHANSAHI	764	764	5/19/2020 12:00:00 AM
Odisha	KHORDHA	JATNI	TARABOI	1058	1058	5/19/2020 12:00:00 AM
Odisha	KHORDHA	JATNI	TIRIMAL	825	825	5/19/2020 12:00:00 AM
Odisha	KHORDHA	KHORDHA	BAJAPUR	1381	1381	5/19/2020 12:00:00 AM
Odisha	KHORDHA	KHORDHA	BANGIDA	622	622	5/19/2020 12:00:00 AM
Odisha	KHORDHA	KHORDHA	BARASAHI	976	976	5/19/2020 12:00:00 AM
Odisha	KHORDHA	KHORDHA	BRAJAMOHANPUR	666	666	5/19/2020 12:00:00 AM
Odisha	KHORDHA	KHORDHA	DHAULIMUAN	591	591	5/19/2020 12:00:00 AM
Odisha	KHORDHA	KHORDHA	GADAHALADIA	1694	1694	5/19/2020 12:00:00 AM
Odisha	KHORDHA	KHORDHA	GODIPADA	689	689	5/19/2020 12:00:00 AM
Odisha	KHORDHA	KHORDHA	GOLABAISASANA	1066	1066	5/19/2020 12:00:00 AM
Odisha	KHORDHA	KHORDHA	JANKIA	477	477	5/19/2020 12:00:00 AM
Odisha	KHORDHA	KHORDHA	KAIPADARA	602	602	5/19/2020 12:00:00 AM
Odisha	KHORDHA	KHORDHA	KANPUR	834	834	5/19/2020 12:00:00 AM
Odisha	KHORDHA	KHORDHA	KERANGA	948	948	5/19/2020 12:00:00 AM
Odisha	KHORDHA	KHORDHA	KURADHAMALLA	751	751	5/19/2020 12:00:00 AM
Odisha	KHORDHA	KHORDHA	MALIPUR	2181	2181	5/19/2020 12:00:00 AM
Odisha	KHORDHA	KHORDHA	NALIPADA ARJUNPUR	1367	1367	5/19/2020 12:00:00 AM
Odisha	KHORDHA	KHORDHA	NANDAPUR	645	645	5/19/2020 12:00:00 AM
Odisha	KHORDHA	KHORDHA	NARANAGADA	1232	1232	5/19/2020 12:00:00 AM
Odisha	KHORDHA	KHORDHA	NIJIGARH TAPANGA	1281	1281	5/19/2020 12:00:00 AM
Odisha	KHORDHA	KHORDHA	ORABARASINGH	227	227	5/19/2020 12:00:00 AM
Odisha	KHORDHA	KHORDHA	PALLATOTAPADA	1338	1338	5/19/2020 12:00:00 AM
Odisha	KHORDHA	KHORDHA	PUBUSAHI	671	671	5/19/2020 12:00:00 AM
Odisha	KHORDHA	KHORDHA	TANGIAPADA	1793	1793	5/19/2020 12:00:00 AM
Odisha	KHORDHA	TANGI	ACHUTAPURPATNA	874	874	5/19/2020 12:00:00 AM
Odisha	KHORDHA	TANGI	BADAPARI	1612	1612	5/19/2020 12:00:00 AM
Odisha	KHORDHA	TANGI	BADAPOKHARIA	747	747	5/19/2020 12:00:00 AM
Odisha	KHORDHA	TANGI	BALIPATPUR	551	551	5/19/2020 12:00:00 AM
Odisha	KHORDHA	TANGI	BHUSANDAPUR	899	899	5/19/2020 12:00:00 AM
Odisha	KHORDHA	TANGI	CHHANAGIRI	1236	1236	5/19/2020 12:00:00 AM
Odisha	KHORDHA	TANGI	DIA	416	416	5/19/2020 12:00:00 AM
Odisha	KHORDHA	TANGI	KAMAGURU	714	714	5/19/2020 12:00:00 AM
Odisha	KHORDHA	TANGI	KANTALABAI	1984	1984	5/19/2020 12:00:00 AM
Odisha	KHORDHA	TANGI	KUHUDI	1411	1411	5/19/2020 12:00:00 AM
Odisha	KHORDHA	TANGI	KUNJURI	921	921	5/19/2020 12:00:00 AM
Odisha	KHORDHA	TANGI	LENDO	1536	1536	5/19/2020 12:00:00 AM
Odisha	KHORDHA	TANGI	MANGALAJODI	943	943	5/19/2020 12:00:00 AM
Odisha	KHORDHA	TANGI	NIRAKARPUR	894	894	5/19/2020 12:00:00 AM
Odisha	KHORDHA	TANGI	NUAGARH	999	999	5/19/2020 12:00:00 AM
Odisha	KHORDHA	TANGI	OLASINGH	1382	1382	5/19/2020 12:00:00 AM
Odisha	KHORDHA	TANGI	PARIORADA	932	932	5/19/2020 12:00:00 AM
Odisha	KHORDHA	TANGI	RAMACHANDRAPUR	519	519	5/19/2020 12:00:00 AM
Odisha	KHORDHA	TANGI	RAMESWAR	946	946	5/19/2020 12:00:00 AM
Odisha	KHORDHA	TANGI	RATANPUR	1047	1047	5/19/2020 12:00:00 AM
Odisha	KHORDHA	TANGI	SANARAUTAPADA	788	788	5/19/2020 12:00:00 AM
Odisha	KHORDHA	TANGI	SARAPARI	570	570	5/19/2020 12:00:00 AM
Odisha	KHORDHA	TANGI	SUNDARAPUR	1356	1356	5/19/2020 12:00:00 AM
Odisha	KHORDHA	TANGI	TANGI	1997	1997	5/19/2020 12:00:00 AM
Odisha	KHORDHA	TANGI	TANKOL	802	802	5/19/2020 12:00:00 AM
Odisha	KHORDHA	TANGI	UJALAGOPINATHPUR	505	505	5/19/2020 12:00:00 AM
